"customer_catogary","total_ltv","customercount","avg_ltv"
"1- Low Value Customer",4341809.527328118,12372,350.9383711063787
"2- Mid Value Customer",66636451.787238926,24743,2693.1435875697744
"3- High Value Customer",135429277.2654986,12372,10946.433661938136
