customer_catogary,total_ltv,customercount,avg_ltv
1- Low Value Customer,4341809.527,12372,350.9383711
2- Mid Value Customer,66636451.79,24743,2693.143588
3- High Value Customer,135429277.3,12372,10946.43366
